player_id,player_name,age,position,minutes,appearances,starts,subs,goals,assists,g_plus_a_90,shots_90,shots_on_target_90,pens_taken,pens_scored,club_position,season,goals_next,assists_next,next_season_g_plus_a,player_id,g_plus_a_per_90,current_g_plus_a
1,Ollie Watkins,25,CF,3329,37,37,0,14,5,0.51,2.65,1.27,2,1,11,2020,11,2,13,,,19
2,Harry Kane,27,CF,3082,35,35,0,23,14,1.08,4.03,1.61,4,4,7,2020,17,9,26,,,37
3,Dominic Calvert-Lewin,24,CF,2871,33,32,1,16,3,0.5,2.6,1.47,0,0,10,2020,5,2,7,,,19
4,Richarlison,24,CF,2862,34,33,1,7,3,0.31,2.55,1.01,1,1,10,2020,10,5,15,,,10
5,Jamie Vardy,34,CF,2840,34,31,3,15,10,0.76,2.63,1.2,9,8,5,2020,15,2,17,,,25
6,Roberto Firmino,29,CF,2838,36,33,3,9,7,0.51,2.63,1.08,0,0,3,2020,5,4,9,,,16
7,Che Adams,24,CF,2667,36,30,6,9,5,0.47,1.86,1.05,0,0,15,2020,7,3,10,,,14
8,Neal Maupay,24,CF,2513,33,29,4,8,2,0.36,2.54,0.93,4,3,16,2020,8,2,10,,,10
9,Jordan Ayew,29,CF,2096,33,23,10,1,3,0.17,1.12,0.47,0,0,14,2020,3,3,6,,,4
10,Callum Wilson,29,CF,2084,26,23,6,12,5,0.73,2.12,0.86,4,4,12,2020,8,0,8,,,17
11,Gabriel Jesus,24,CF,2063,29,22,7,9,4,0.57,2.4,0.74,0,0,1,2020,8,8,16,,,13
12,Michail Antonio,31,CF,1974,26,24,2,10,5,0.68,2.87,1.14,0,0,6,2020,10,8,18,,,15
13,Danny Welbeck,30,CF,1545,24,17,4,6,3,0.41,2.04,0.87,0,0,16,2020,6,2,8,,,9
14,Kelechi Iheanacho,24,CF,1459,25,16,9,12,2,0.65,3.64,1.54,1,0,5,2020,4,5,9,,,14
15,Rodrigo,30,CF,1288,26,14,12,7,2,0.63,3.21,1.26,0,0,9,2020,6,1,7,,,9
16,Mohamed Salah,28,RW,3078,37,34,3,22,5,0.79,3.68,1.58,6,6,3,2020,23,13,36,,,27
17,Jarrod Bowen,24,RW,2561,38,30,8,8,5,0.18,1.93,0.56,0,0,6,2020,12,10,22,,,13
18,Bukayo Saka,19,RW,2553,32,30,2,5,4,0.28,2.15,0.71,0,0,8,2020,11,7,18,,,9
19,Raheem Sterling,26,RW,2536,31,28,3,10,8,0.6,2.48,0.99,1,0,1,2020,13,5,18,,,18
20,Miguel Almiron,27,RW,2428,34,28,6,4,1,0.19,1.22,0.56,0,0,12,2020,1,0,1,,,5
21,Andros Townsend,29,RW,2258,34,25,9,1,5,0.24,1.43,0.44,0,0,14,2020,3,2,5,,,6
22,Riyad Mahrez,30,RW,1949,27,23,4,9,6,0.69,2.68,1.02,0,0,1,2020,11,5,16,,,15
23,Heung-min Son,28,LW,3114,37,36,1,17,11,0.78,1.97,1.07,1,1,7,2020,23,9,32,,,28
24,Marcus Rashford,23,LW,2916,37,33,4,11,13,0.62,2.43,1.14,0,0,2,2020,4,2,6,,,24
25,Jack Harrison,24,LW,2847,36,34,2,8,8,0.51,1.45,0.63,0,,9,2020,8,1,9,,,16
26,Leandro Trossard,26,LW,2607,35,30,5,5,5,0.35,2,0.79,0,0,16,2020,8,3,11,,,10
27,Jack Grealish,25,LW,2185,26,24,2,6,12,0.66,2.06,0.78,0,0,11,2020,3,3,6,,,18
28,Harvey Barnes,23,LW,1945,25,22,3,9,4,0.6,2.59,1.2,0,0,5,2020,6,10,16,,,13
29,Daniel Podence,25,LW,1661,24,22,2,3,2,0.27,1.73,0.76,0,0,13,2020,2,3,5,,,5
30,Allan Saint-Maximin,24,LW,1559,25,19,6,3,4,0.4,1.73,0.75,0,0,12,2020,5,5,10,,,7
31,Alex Iwobi,25,LW,1542,30,17,13,1,3,0.18,0.93,0.18,0,0,10,2020,2,2,4,,,4
32,Callum Hudson-Odoi,20,LW,1059,23,10,13,2,3,0.42,1.95,0.59,0,0,4,2020,1,2,3,,,5
33,Bruno Fernandes,26,AM,3099,37,35,2,18,11,0.87,3.51,1.48,11,9,2,2020,10,6,16,,,29
34,Mason Mount,22,AM,2891,36,32,4,6,6,0.34,2.55,0.84,1,1,4,2020,11,10,21,,,12
35,Abdoulaye Doucoure,28,AM,2443,29,29,0,2,3,0.18,0.66,0.18,0,0,10,2020,2,4,6,,,5
36,James Maddison,24,AM,2099,31,24,7,8,7,0.56,3.22,0.99,0,0,5,2020,12,8,20,,,15
37,Bernardo Silva,26,AM,2065,26,24,2,2,6,0.35,1.22,0.57,0,0,1,2020,8,4,12,,,8
38,Kevin De Bruyne,29,AM,1997,25,23,2,6,12,0.81,3.65,1.22,3,2,1,2020,15,8,23,,,18
39,Phil Foden,20,AM,1616,28,17,11,9,5,0.78,2.51,1.11,0,0,1,2020,9,5,14,,,14
40,Emile Smith Rowe,20,AM,1440,20,18,2,2,4,0.37,0.81,0.37,0,0,10,2020,10,2,12,,,6
41,James Ward-Prowse,27,AM,3216,36,36,0,10,5,0.42,1.54,0.67,4,4,15,2021,9,4,13,1,,15
42,Conor Gallagher,22,AM,2845,34,33,1,8,3,0.35,1.64,0.7,0,0,12,2021,3,1,4,2,,11
43,lkay Gundogan,31,AM,1856,27,20,7,8,3,0.58,2.67,0.92,0,0,1,2021,8,5,13,3,,11
44,Pablo Fornals,26,AM,2794,36,32,4,6,4,0.29,1.38,0.39,0,0,7,2021,3,1,4,4,,10
45,Youri Tielemans,25,AM,2632,32,29,3,6,4,0.34,2.02,0.58,2,2,8,2021,3,2,5,5,,10
46,Jacob Ramsey,20,AM,2468,34,29,5,6,1,0.26,1.24,0.4,0,0,14,2021,6,7,13,6,,7
47,Alexis Mac Allister,23,AM,2122,33,22,11,5,2,0.3,2.54,0.47,3,2,9,2021,10,2,12,7,,7
48,Bruno Guimaraes,24,AM,1034,17,11,6,5,1,0.52,2,1.04,0,0,11,2021,4,5,9,8,,6
49,Fred,29,AM,2028,28,24,4,4,5,0.36,0.67,0.4,0,0,6,2021,2,2,4,9,,9
50,Joelinton,25,AM,2558,35,30,5,4,2,0.18,1.58,0.49,0,0,11,2021,6,4,10,10,,6
51,John McGinn,27,AM,3090,35,35,0,3,4,0.2,1.25,0.47,0,0,14,2021,1,3,4,11,,7
52,Mateo Kovacic,28,AM,1558,25,16,9,2,5,0.4,1.27,0.35,0,0,3,2021,1,2,3,12,,7
53,Pascal Grob,30,AM,2038,29,24,5,2,4,0.26,1.02,0.35,1,0,9,2021,9,8,17,13,,6
54,Douglas Luiz,24,AM,2716,34,31,3,2,3,0.17,0.76,0.27,0,0,14,2021,6,6,12,15,,5
55,Stuart Armstrong,30,AM,1473,25,15,10,2,0,0.12,2.32,0.55,0,0,15,2021,2,1,3,17,,2
56,Joe Willock,22,AM,2036,29,24,5,2,0,0.09,1.55,0.49,0,0,11,2021,3,6,9,18,,2
57,Declan Rice,23,AM,3179,36,35,1,1,4,0.14,0.74,0.23,0,0,7,2021,4,2,6,19,,5
58,Kiernan Dewsbury-Hall,23,AM,2105,28,23,5,1,2,0.13,0.9,0.13,0,0,8,2021,2,2,4,20,,3
59,Scott McTominay,25,AM,2386,30,28,2,1,1,0.08,1.02,0.26,0,0,6,2021,1,0,1,21,,2
60,Mathias Jensen,25,AM,1601,31,19,12,0,1,0.06,1.07,0.28,0,0,13,2021,5,6,11,22,,1
61,Sean Longstaff,24,AM,1463,24,15,9,1,1,0.12,0.92,0.12,0,0,11,2021,1,4,5,23,,2
62,Harry Kane,28,CF,3232,37,36,1,17,9,0.72,3.7,1.53,4,4,4,2021,30,4,34,24,,26
63,Jamie Vardy,35,CF,1806,25,20,5,15,2,0.85,2.69,1.3,0,0,8,2021,3,4,7,25,,17
64,Ivan Toney,26,CF,2909,33,32,1,12,5,0.53,2.72,0.93,5,5,13,2021,20,4,24,26,,17
65,Ollie Watkins,26,CF,2952,35,33,2,11,2,0.4,2.35,0.98,1,1,14,2021,15,6,21,27,,13
66,Michail Antonio,32,CF,2972,36,34,2,10,8,0.55,2.51,0.88,1,0,7,2021,5,3,8,28,,18
67,Richarlison,25,CF,2523,30,28,2,10,5,0.54,2.6,0.82,3,3,16,2021,1,4,5,29,,15
68,Gabriel Jesus,25,CF,1877,28,12,16,8,8,0.77,3.07,1.2,1,1,1,2021,11,6,17,30,,16
69,Kai Havertz,22,CF,1809,29,22,7,8,3,0.55,2.79,1.14,0,0,3,2021,7,1,8,31,,11
70,Neal Maupay,25,CF,2275,32,25,7,8,2,0.4,2.41,0.59,2,1,9,2021,1,0,1,32,,10
71,Callum Wilson,30,CF,1386,18,16,2,8,0,0.52,2.27,0.97,2,2,11,2021,18,5,23,33,,8
72,Che Adams,25,CF,2039,30,23,7,7,3,0.44,2.16,1.06,0,0,15,2021,5,3,8,34,,10
73,Yoane Wissa,25,CF,1284,30,12,18,7,1,0.56,2.24,0.91,0,0,13,2021,7,3,10,35,,8
74,Odsonne Edouard,24,CF,1563,28,18,10,6,3,0.52,2.3,1.04,1,1,12,2021,5,2,7,37,,9
75,Danny Welbeck,31,CF,1477,25,15,10,6,2,0.49,2.62,1.34,0,0,9,2021,6,4,10,38,,8
76,Rodrigo,31,CF,2265,31,27,4,6,1,0.28,1.87,0.72,1,1,17,2021,13,1,14,39,,7
77,Roberto Firmino,30,CF,988,20,10,10,5,4,0.82,2.73,1,0,0,2,2021,11,4,15,40,,9
78,Patson Daka,23,CF,1158,23,13,10,5,3,0.62,2.02,1.24,0,0,8,2021,4,4,8,41,,8
79,Dominic Calvert-Lewin,25,CF,1283,17,15,2,5,2,0.49,2.31,0.91,3,2,16,2021,2,1,3,42,,7
80,Hee-chan Hwang,26,CF,1815,30,20,10,5,1,0.3,1.34,0.59,0,0,10,2021,3,1,4,43,,6
81,Kelechi Iheanacho,25,CF,1264,26,13,13,4,5,0.64,2.21,0.85,0,0,8,2021,5,5,10,45,,9
82,Jordan Ayew,30,CF,2020,31,23,8,3,3,0.27,1.56,0.36,0,0,12,2021,4,3,7,46,,6
83,Adam Armstrong,25,CF,1414,23,17,6,2,3,0.25,2.99,0.89,0,0,15,2021,2,1,3,48,,5
84,Heung-min Son,29,LW,3007,35,35,0,23,9,0.9,2.57,1.47,0,0,4,2021,10,6,16,61,,32
85,Diogo Jota,25,LW,2365,35,27,8,15,4,0.72,3.43,1.26,0,0,2,2021,7,4,11,62,,19
86,Wilfried Zaha,29,LW,2762,33,31,2,14,1,0.49,2.25,1.04,7,5,12,2021,7,2,9,63,,15
87,Saïd Benrahma,26,LW,2168,32,26,6,8,6,0.58,2.62,0.91,0,0,7,2021,6,3,9,64,,14
88,Jack Harrison,25,LW,2639,35,32,3,8,1,0.31,1.47,0.58,0,0,17,2021,5,7,12,66,,9
89,Harvey Barnes,24,LW,2101,32,24,8,6,10,0.69,2.83,1.03,0,0,8,2021,13,1,14,67,,16
90,Gabriel Martinelli,20,LW,1861,29,21,8,6,6,0.58,2.52,0.77,1,1,5,2021,15,5,20,68,,12
91,Allan Saint-Maximin,25,LW,2804,35,31,4,5,5,0.32,2.05,0.83,0,0,11,2021,1,5,6,69,,10
92,Demarai Gray,25,LW,2338,34,28,6,5,4,0.35,2.5,0.65,0,0,16,2021,4,1,5,70,,9
93,Marcus Rashford,24,LW,1236,25,13,12,4,2,0.44,1.6,0.87,0,0,6,2021,17,5,22,73,,6
94,Jadon Sancho,22,LW,1898,29,20,9,3,3,0.28,1.23,0.43,0,0,6,2021,6,3,9,74,,6
95,Jack Grealish,26,LW,1913,26,22,4,3,3,0.28,2.07,0.71,0,0,1,2021,5,7,12,75,,6
96,Daniel Podence,26,LW,1484,26,15,11,2,3,0.3,2.12,0.91,0,0,10,2021,6,0,6,76,,5
97,Alex Iwobi,26,LW,2034,28,22,6,2,2,0.18,1.06,0.27,0,0,16,2021,2,7,9,77,,4
98,Mohamed Salah,29,RW,2762,35,30,5,23,13,1.17,4.53,1.96,6,5,2,2021,19,12,31,79,,36
99,Raheem Sterling,27,RW,2128,30,23,7,13,5,0.76,2.45,1.18,3,2,1,2021,6,3,9,80,,18
100,Jarrod Bowen,25,RW,2983,36,34,2,12,10,0.66,2.41,1.06,0,0,7,2021,6,5,11,81,,22
101,Bukayo Saka,20,RW,2978,38,36,2,11,7,0.54,2.93,0.94,2,2,5,2021,14,11,25,82,,18
102,Riyad Mahrez,31,RW,1499,28,15,13,11,5,0.96,3.66,1.38,5,4,1,2021,5,10,15,83,,16
103,Bryan Mbeumo,22,RW,2905,35,34,1,4,7,0.34,2.39,0.68,1,1,13,2021,9,8,17,85,,11
104,Michael Olise,20,RW,1140,26,12,14,2,5,0.55,1.5,0.79,0,0,12,2021,2,11,13,87,,7
105,Jacob Murphy,27,RW,1473,33,13,20,1,2,0.18,1.65,0.31,0,0,11,2021,4,2,6,89,,3
106,Miguel Almiron,28,RW,1716,30,19,11,1,0,0.05,1.68,0.37,0,0,11,2021,11,2,13,90,,1
107,Adama Traore,25,RW,1066,20,10,10,1,0,0.08,1.94,0.42,0,0,10,2021,2,1,3,91,,1
108,Alexis Mac Allister,24,AM,2886,35,31,4,10,2,0.37,2.68,1.06,6,6,6,2022,5,5,10,1,,12
109,Pascal Grob,31,AM,3239,37,37,0,9,8,0.47,1.11,0.53,0,0,6,2022,4,11,15,2,,17
110,James Ward-Prowse,28,AM,3371,38,38,0,9,4,0.35,1.17,0.53,4,2,20,2022,7,7,14,3,,13
111,Philip Billing,26,AM,2765,36,34,2,7,1,0.26,1.24,0.59,0,0,15,2022,2,2,4,5,,8
112,Douglas Luiz,25,AM,2927,37,33,4,6,6,0.37,1.05,0.37,0,0,7,2022,9,5,14,7,,12
113,Joelinton,26,AM,2661,32,30,2,6,4,0.24,1.72,0.68,0,0,4,2022,2,1,3,8,,10
114,Mathias Jensen,27,AM,2804,37,37,0,5,6,0.35,0.74,0.22,0,0,9,2022,3,3,6,9,,11
115,Andreas Pereira,27,AM,2692,33,33,0,4,6,0.33,2.07,0.77,1,1,10,2022,3,7,10,10,,10
116,Bruno Guimaraes,25,AM,2726,32,32,0,4,5,0.3,0.92,0.26,0,0,4,2022,7,8,15,11,,9
117,Declan Rice,24,AM,3273,37,36,1,4,2,0.14,0.99,0.25,1,0,14,2022,7,9,16,12,,6
118,Youri Tielemans,26,AM,2344,31,27,4,3,2,0.19,1.19,0.38,2,1,18,2022,2,7,9,15,,5
119,Danilo Santos,22,AM,976,13,12,1,3,2,0.46,1.38,0.37,0,0,16,2022,2,2,4,16,,5
120,Conor Gallagher,23,AM,1623,35,18,17,3,1,0.22,1.55,0.61,0,0,12,2022,5,7,12,17,,4
121,Curtis Jones,22,AM,1035,18,12,6,3,1,0.35,1.3,0.43,0,0,5,2022,1,1,2,19,,4
122,Tom Cairney,32,AM,988,33,6,27,2,0,0.18,1.91,0.27,0,0,10,2022,1,4,5,23,,2
123,Sean Longstaff,25,AM,2518,33,28,5,1,4,0.18,1.18,0.25,0,0,4,2022,6,2,8,25,,5
124,John McGinn,28,AM,2694,34,30,4,1,3,0.13,1.4,0.37,0,0,7,2022,6,5,11,26,,4
125,Mateo Kovacic,29,AM,1707,27,17,10,1,2,0.16,1.21,0.11,0,0,12,2022,1,0,1,27,,3
126,Ryan Christie,28,AM,1834,32,22,10,1,1,0.1,1.62,0.44,0,0,15,2022,0,5,5,28,,2
127,Scott McTominay,26,AM,1160,24,10,14,1,0,0.08,1.01,0.47,0,0,3,2022,7,1,8,29,,1
128,Erling Haaland,22,CF,2769,35,33,2,36,8,1.43,4,1.95,7,7,1,2022,27,5,32,30,,44
129,Ivan Toney,27,CF,2951,33,33,0,20,4,0.73,2.87,1.28,7,6,9,2022,4,2,6,32,,24
130,Callum Wilson,31,CF,1877,31,21,10,18,5,1.1,3.5,1.68,3,3,4,2022,9,1,10,33,,23
131,Ollie Watkins,27,CF,3127,37,36,1,15,6,0.6,2.45,1.35,2,1,7,2022,19,15,34,34,,21
132,Gabriel Jesus,26,CF,2064,26,24,2,11,6,0.74,3.36,1.4,1,1,2,2022,4,5,9,36,,17
133,Alexander Isak,23,CF,1521,22,17,5,10,1,0.65,3.02,1.48,2,2,4,2022,21,2,23,38,,11
134,Taiwo Awoniyi,25,CF,1404,27,17,10,10,1,0.71,2.24,0.96,0,0,16,2022,6,3,9,39,,11
135,Darwin Nunez,23,CF,1695,29,19,10,9,3,0.64,4.46,1.96,0,0,5,2022,11,8,19,40,,12
136,Julian Alvarez,23,CF,1465,31,13,18,9,0,0.55,2.89,1.35,1,1,1,2022,11,8,19,41,,9
137,Yoane Wissa,26,CF,1607,38,16,22,7,3,0.56,1.79,0.84,0,0,9,2022,12,4,16,42,,10
138,Kai Havertz,23,CF,2569,35,30,5,7,1,0.28,2.49,1.16,1,1,12,2022,13,7,20,43,,8
139,Dominic Solanke,25,CF,2860,33,32,1,6,7,0.41,2.39,0.91,0,0,15,2022,19,3,22,44,,13
140,Danny Welbeck,32,CF,1853,31,21,10,6,4,0.44,3.01,1.12,0,0,6,2022,5,3,8,45,,10
141,Evan Ferguson,18,CF,949,19,10,9,6,2,0.76,3.41,1.61,0,0,6,2022,6,0,6,46,,8
142,Michail Antonio,33,CF,1830,33,21,12,5,3,0.39,1.92,0.64,0,0,14,2022,6,2,8,48,,8
143,Odsonne Edouard,25,CF,1803,35,20,15,5,2,0.35,1.95,0.75,0,0,11,2022,7,0,7,50,,7
144,Jordan Ayew,31,CF,2715,38,31,7,4,3,0.23,1.06,0.36,0,0,11,2022,4,7,11,52,,7
145,Eddie Nketiah,23,CF,1089,30,9,21,4,1,0.41,3.39,1.16,0,0,2,2022,5,2,7,53,,5
146,Hee-chan Hwang,27,CF,1130,27,12,15,3,1,0.32,1.43,0.56,0,0,13,2022,12,3,15,55,,4
147,Dominic Calvert-Lewin,26,CF,1167,17,15,2,2,1,0.23,2.39,0.77,1,1,17,2022,7,2,9,57,,3
148,Matheus Cunha,24,CF,965,17,12,5,2,0,0.19,2.42,0.65,0,0,13,2022,12,7,19,58,,2
149,Richarlison,26,CF,1010,27,12,15,1,4,0.36,2.41,1.25,0,0,8,2022,11,4,15,59,,5
150,Neal Maupay,26,CF,1119,27,11,16,1,0,0.08,2.58,1.29,0,0,17,2022,6,3,9,60,,1
151,Marcus Rashford,25,LW,2880,35,32,3,17,5,0.69,3.38,1.56,0,0,3,2022,7,2,9,78,,22
152,Gabriel Martinelli,21,LW,2789,36,34,2,15,5,0.65,2.55,1.03,0,0,2,2022,6,4,10,79,,20
153,Heung-min Son,30,LW,2888,36,33,3,10,6,0.5,2.52,1.25,0,0,8,2022,17,10,27,81,,16
154,Kaoru Mitoma,26,LW,2317,33,24,9,7,5,0.47,2.02,0.82,0,0,6,2022,3,4,7,82,,12
155,Diogo Jota,26,LW,1132,22,12,10,7,4,0.88,2.79,0.88,0,0,5,2022,10,3,13,83,,11
156,Dwight McNeil,23,LW,2497,36,28,8,7,3,0.36,1.66,0.54,0,0,17,2022,3,6,9,84,,10
157,Cody Gakpo,24,LW,1458,21,17,4,7,2,0.56,2.41,0.8,0,0,5,2022,8,5,13,85,,9
158,Jack Harrison,26,LW,2708,36,34,2,5,7,0.4,1.3,0.47,0,0,19,2022,3,3,6,90,,12
159,Jack Grealish,27,LW,2055,28,23,5,5,7,0.53,1.8,0.7,0,0,1,2022,3,1,4,91,,12
160,Willian,34,LW,2126,27,25,2,5,5,0.42,1.74,0.76,0,0,10,2022,4,2,6,92,,10
161,Alex Iwobi,27,LW,3378,38,38,0,2,7,0.24,1.12,0.4,0,0,17,2022,5,2,7,95,,9
162,Mohamed Salah,30,RW,3290,38,37,1,19,12,0.85,3.42,1.29,4,2,5,2022,18,10,28,98,,31
163,Bukayo Saka,21,RW,3181,38,37,1,14,11,0.71,2.52,0.91,3,2,2,2022,16,9,25,99,,25
164,Miguel Almiron,29,RW,2490,34,29,5,11,2,0.47,2.49,0.76,0,0,4,2022,3,1,4,100,,13
165,Bryan Mbeumo,23,RW,2904,38,36,2,9,8,0.53,2.2,1.02,1,1,9,2022,9,6,15,101,,17
166,Brennan Johnson,22,RW,2934,38,33,5,8,3,0.34,1.69,0.83,3,1,16,2022,5,10,15,102,,11
167,Jarrod Bowen,26,RW,3233,38,36,2,6,5,0.31,2.09,0.67,2,1,14,2022,16,6,22,103,,11
168,Raheem Sterling,28,RW,1890,28,23,5,6,3,0.43,2,0.81,0,0,12,2022,8,4,12,104,,9
169,Leon Bailey,25,RW,1968,33,26,7,4,4,0.37,2.33,0.64,0,0,7,2022,10,9,19,106,,8
170,Jacob Murphy,28,RW,1252,36,14,22,4,2,0.43,2.09,0.72,0,0,4,2022,3,7,10,107,,6
171,Antony,23,RW,1802,25,23,2,4,2,0.3,3.6,1.2,0,0,3,2022,1,1,2,108,,6
172,Michael Olise,21,RW,2748,37,31,6,2,11,0.43,1.67,0.46,0,0,11,2022,10,6,16,109,,13
173,Harry Wilson,26,RW,1100,29,13,16,2,3,0.41,1.47,0.33,0,0,10,2022,4,6,10,110,,5
174,Dango Ouattara,21,RW,1241,19,15,4,1,3,0.29,1.89,0.36,0,0,15,2022,1,2,3,112,,4
175,Pedro Neto,23,RW,964,18,13,5,0,0,0,1.59,0.28,0,0,13,2022,2,9,11,113,,0
176,Declan Rice,25,AM,3225,38,37,1,7,9,,1.62,0.56,0,0,2,2023,4,7,11,2,0.42,16
177,Bruno Guimaraes,26,AM,3263,37,37,0,7,8,,1.32,0.44,0,0,7,2023,5,6,11,3,0.41,15
178,John McGinn,29,AM,3000,35,35,0,6,5,,1.2,0.48,0,0,4,2023,1,4,5,6,0.3,11
179,Alexis Mac Allister,25,AM,2602,33,31,2,5,5,,1.52,0.31,1,1,3,2023,5,5,10,9,0.35,10
180,Andreas Pereira,28,AM,2614,37,34,3,3,7,,1.79,0.55,0,0,13,2023,2,4,6,12,0.34,10
181,Pape Matar Sarr,21,AM,2069,34,27,7,3,3,,1.57,0.61,0,0,5,2023,3,2,5,14,0.26,6
182,Enzo Fernandez,23,AM,2209,28,26,2,3,2,,1.91,0.65,2,1,6,2023,6,7,13,15,0.2,5
183,Kobbie Mainoo,19,AM,1924,24,24,0,3,1,,0.51,0.23,0,0,8,2023,0,0,0,16,0.19,4
184,Youri Tielemans,27,AM,1622,32,17,15,2,7,,0.78,0.33,0,0,4,2023,3,7,10,17,0.44,9
185,Ryan Christie,29,AM,2907,37,35,2,0,5,,1.33,0.4,0,0,12,2023,2,3,5,18,0.15,5
186,Nicolas Dominguez,25,AM,1495,26,19,7,2,2,,1.32,0.36,0,0,17,2023,0,1,1,21,0.24,4
187,Joao Gomes,23,AM,2648,34,32,2,2,1,,0.88,0.27,0,0,14,2023,3,1,4,22,0.1,3
188,Jean-Ricner Bellegarde,25,AM,959,22,10,12,2,1,,1.41,0.47,0,0,14,2023,2,7,9,23,0.28,3
189,Joelinton,27,AM,1279,20,15,5,2,1,,1.34,0.63,0,0,7,2023,4,3,7,24,0.21,3
190,Ryan Yates,26,AM,1992,35,21,14,1,1,,1.45,0.32,0,0,17,2023,2,1,3,26,0.09,2
191,Curtis Jones,23,AM,1166,23,14,9,1,1,,1.47,0.46,0,0,3,2023,3,3,6,27,0.15,2
192,Mateo Kovacic,30,AM,1551,30,16,14,1,0,,1.28,0.29,0,0,1,2023,6,2,8,28,0.06,1
193,Sasa Lukic,27,AM,1121,24,13,11,1,0,,1.04,0.24,0,0,13,2023,0,2,2,30,0.08,1
194,Erling Haaland,23,CF,2552,31,29,2,27,5,,4.27,2.08,8,7,1,2023,22,3,25,31,1.13,32
195,Alexander Isak,24,CF,2255,30,27,3,21,2,,3.02,1.48,6,5,7,2023,23,6,29,32,0.92,23
196,Ollie Watkins,28,CF,3217,37,37,0,19,15,,2.97,1.29,0,0,4,2023,16,8,24,33,0.9,34
197,Dominic Solanke,26,CF,3325,38,37,1,19,3,,2.95,1.03,3,2,12,2023,9,3,12,34,0.6,22
198,Jean-Philippe Mateta,26,CF,2282,35,25,10,16,6,,1.81,1.14,2,2,10,2023,14,2,16,35,0.83,22
199,Nicolas Jackson,22,CF,2799,35,31,4,14,5,,2.52,1.32,0,0,6,2023,10,5,15,36,0.61,19
200,Chris Wood,32,CF,1811,31,20,11,14,1,,2.38,1.29,0,0,17,2023,20,3,23,37,0.75,15
201,Kai Havertz,24,CF,2634,37,30,7,13,7,,2.36,0.96,1,1,2,2023,9,3,12,38,0.68,20
202,Matheus Cunha,24,CF,2440,32,29,3,12,7,,2.69,1.4,1,1,14,2023,15,6,21,39,0.7,19
203,Yoane Wissa,27,CF,2493,34,29,5,12,4,,2.42,0.94,0,0,16,2023,19,5,24,40,0.54,16
204,Darwin Nunez,24,CF,2047,36,22,14,11,8,,4.75,2.02,1,0,3,2023,5,2,7,43,0.84,19
205,Rasmus Hojlund,21,CF,2159,30,25,5,10,2,,1.58,0.88,0,0,8,2023,4,1,5,45,0.5,12
206,Joao Pedro,22,CF,2046,31,19,12,9,3,,3.3,1.14,5,4,11,2023,10,6,16,46,0.53,12
207,Rodrigo Muniz,23,CF,1594,26,18,8,9,1,,4.12,1.53,0,0,13,2023,8,1,9,47,0.56,10
208,Dominic Calvert-Lewin,27,CF,2170,32,26,6,7,2,,3.03,1.29,2,2,15,2023,3,2,5,49,0.37,9
209,Raul Jimenez,33,CF,1395,24,18,6,7,0,,2.65,1.1,0,0,13,2023,12,3,15,51,0.45,7
210,Eddie Nketiah,24,CF,1081,27,10,17,5,2,,3.16,1,0,0,2,2023,3,1,4,56,0.58,7
211,Danny Welbeck,33,CF,1693,29,21,8,5,3,,2.18,0.85,0,0,11,2023,10,4,14,57,0.32,8
212,Jordan Ayew,32,CF,2544,35,30,5,4,7,,1.7,0.71,0,0,10,2023,5,0,5,58,0.39,11
213,Cameron Archer,22,CF,1838,29,21,8,4,1,,2.06,0.54,0,0,20,2023,2,0,2,60,0.25,5
214,Beto,26,CF,952,30,9,21,3,0,,4.07,1.23,1,0,15,2023,8,0,8,62,0.28,3
215,Heung-min Son,31,LW,2934,35,34,1,17,10,,2.61,1.23,2,2,5,2023,7,10,17,82,0.83,27
216,Leandro Trossard,29,LW,1649,34,18,16,12,2,,3.27,1.2,0,0,2,2023,8,8,16,83,0.71,14
217,Anthony Gordon,23,LW,2891,35,34,1,11,10,,2.52,0.97,1,1,7,2023,6,5,11,84,0.65,21
218,Diogo Jota,27,LW,1146,21,14,7,10,3,,3.22,1.57,0,0,3,2023,6,3,9,85,1.02,13
219,Luis Diaz,27,LW,2629,37,32,5,8,5,,3.22,1.1,0,0,3,2023,13,7,20,86,0.45,13
220,Cody Gakpo,25,LW,1650,35,17,18,8,5,,3.6,1.31,0,0,3,2023,10,4,14,87,0.71,13
221,Callum Hudson-Odoi,23,LW,1854,29,20,9,8,1,,1.84,0.97,0,0,17,2023,5,2,7,88,0.44,9
222,Alejandro Garnacho,19,LW,2565,36,30,6,7,4,,3.51,0.98,0,0,8,2023,6,2,8,89,0.39,11
223,Gabriel Martinelli,22,LW,2019,35,34,1,6,4,,2.59,0.98,0,0,2,2023,8,4,12,91,0.45,10
224,Simon Adingra,22,LW,2222,31,25,6,6,1,,2.11,0.89,0,0,11,2023,2,2,4,92,0.28,7
225,Alex Iwobi,28,LW,2332,32,27,5,5,2,,2.33,1.02,0,0,13,2023,9,6,15,93,0.29,7
226,Jeremy Doku,21,LW,1595,29,18,11,3,8,,3.16,1.07,0,0,1,2023,3,6,9,95,0.62,11
227,Dwight McNeil,24,LW,2892,35,33,2,3,6,,1.77,0.47,0,0,15,2023,4,6,10,96,0.28,9
228,Kaoru Mitoma,26,LW,1486,19,15,4,3,4,,2.06,0.91,0,0,11,2023,10,4,14,97,0.42,7
229,Jack Harrison,27,LW,2214,29,25,4,3,3,,1.38,0.37,0,0,15,2023,1,1,2,98,0.24,6
230,Mohamed Salah,31,RW,2534,32,28,4,18,10,,4.05,1.99,7,5,3,2023,29,18,47,100,0.99,28
231,Bukayo Saka,22,RW,2919,35,35,0,16,9,,3.3,1.14,6,6,2,2023,6,10,16,101,0.77,25
232,Jarrod Bowen,27,RW,3019,34,34,0,16,6,,2.53,1.1,0,0,9,2023,13,8,21,102,0.66,22
233,Leon Bailey,26,RW,2068,35,22,13,10,9,,2.31,0.78,0,0,4,2023,1,2,3,103,0.83,19
234,Bryan Mbeumo,24,RW,1960,25,22,3,9,6,,2.43,0.92,3,3,16,2023,20,7,27,105,0.69,15
235,Mohammed Kudus,23,RW,2485,33,27,6,8,6,,2.43,0.62,0,0,9,2023,5,3,8,106,0.51,14
236,Antoine Semenyo,24,RW,2106,33,25,8,8,2,,2.99,1.33,0,0,12,2023,11,5,16,108,0.43,10
237,Brennan Johnson,22,RW,2322,35,26,9,5,10,,1.65,0.46,0,0,5,2023,11,3,14,109,0.65,15
238,Anthony Elanga,22,RW,2434,36,25,11,5,9,,2,0.85,0,0,17,2023,6,11,17,110,0.52,14
239,Noni Madueke,22,RW,1053,23,13,10,5,2,,2.74,1.11,1,1,6,2023,7,3,10,111,0.6,7
240,Harry Wilson,27,RW,1619,35,16,19,4,6,,2.22,0.72,0,0,13,2023,6,1,7,112,0.56,10
241,Jacob Murphy,29,RW,1189,21,14,7,3,7,,2.27,0.76,0,0,7,2023,8,12,20,113,0.76,10
242,Pedro Neto,24,RW,1516,20,18,2,2,9,,2.14,0.71,0,0,14,2023,4,6,10,115,0.65,11
243,Dango Ouattara,22,RW,1229,30,12,18,1,2,,2.2,0.51,0,0,12,2023,7,4,11,117,0.22,3
